Id,State,Company,Insecticide,irrigation,soil texture,something,s_2,Crop
1,Andaman and Nicobar Islands,Coromandel International,Lambda-cyhalothrin,1,2,2,1,Celery
2,Delhi,K+S AG,Chlorantraniliprole,3,1,2,2,Cucumbers
3,Bihar,Sinofert Holdings,Thiamethoxam,3,2,1,1,Buckwheat
4,Delhi,KuibyshevAzot,Malathion,3,3,3,2,Arugula
5,Bihar,Haifa Group,Chlorpyrifos,1,2,3,3,Buckwheat
6,Mizoram,Sumitomo Chemical,Chlorpyrifos-methyl,3,2,2,2,Soybeans
7,Jharkhand,Roullier Group,Bendiocarb,3,3,1,1,Cherries
8,Daman and Diu,Yara International,Diazinon,2,2,1,1,Peaches
9,Andaman and Nicobar Islands,Syngenta,Clothianidin,2,2,1,2,Carrots
10,West Bengal,EuroChem Group,Diazinon,3,1,2,3,Raspberries
11,Andhra Pradesh,Cargill,Endosulfan,1,2,3,3,Limes
12,Karnataka,Agrofert,Clothianidin,3,1,2,3,Winter squash
13,Andaman and Nicobar Islands,Agrium,Acetamiprid,1,3,3,3,Broccoli
14,Madhya Pradesh,Bayer CropScience,Cyfluthrin,3,3,3,1,Soybeans
15,Delhi,Syngenta,Chlorantraniliprole,3,2,2,2,Strawberries
16,Haryana,Agrium,Deltamethrin,1,1,1,2,Grapes
17,Haryana,Syngenta,Thiacloprid,1,1,1,1,Tomatoes
18,Delhi,SQM,Methoxyfenozide,2,3,1,3,Chard
19,Manipur,OCI Nitrogen,Methomyl,2,1,2,3,Green beans
20,Sikkim,Wilbur-Ellis,Chlorantraniliprole,1,1,2,3,Onions
21,Nagaland,Roullier Group,Flubendiamide,2,1,3,3,Collard greens
22,Delhi,Israel Chemicals Ltd.,Propoxur,3,3,1,1,Onions
23,Kerala,Bayer CropScience,Flubendiamide,1,2,1,2,Soybeans
24,Uttar Pradesh,Haifa Group,Indoxacarb,3,2,2,1,Sweet potatoes
25,Kerala,Haifa Group,Imidacloprid,3,3,1,3,Celery
26,Daman and Diu,Wilbur-Ellis,Acephate,1,2,1,2,Radishes
27,Andaman and Nicobar Islands,OCI Nitrogen,Deltamethrin,1,1,1,3,Cherries
28,Andhra Pradesh,SQM,Chlorpyrifos-methyl,2,2,1,3,Collard greens
29,Sikkim,Lhoist,Phosmet,1,2,1,3,Barley
30,Arunachal Pradesh,EuroChem Group,Fipronil,3,2,1,1,Watermelon
31,Haryana,ICL Group,Thiamethoxam,2,2,2,1,Lemons
32,Chandigarh,KuibyshevAzot,Cyfluthrin,2,3,1,1,Raspberries
33,Andaman and Nicobar Islands,Cargill,Chlorpyrifos-methyl,1,1,3,2,Broccoli
34,Chhattisgarh,Sinofert Holdings,Carbaryl,2,2,2,1,Celery
35,Andaman and Nicobar Islands,Lhoist,Bendiocarb,1,3,3,2,Cauliflower
36,Arunachal Pradesh,OCI Nitrogen,Cypermethrin,2,1,2,2,Pears
37,Lakshadweep,Syngenta,Propoxur,2,1,2,2,Peas
38,Delhi,CF Industries Holdings,Methoxyfenozide,1,3,1,1,Cabbage
39,Jharkhand,Wilbur-Ellis,Thiacloprid,1,2,2,3,Peas
40,Assam,IFFCO,Carbaryl,2,2,2,3,Beets
41,Delhi,Bayer CropScience,Carbaryl,3,1,1,1,Broccoli
42,Punjab,Cargill,Methoxyfenozide,3,2,1,3,Cherries
43,Puducherry,Linde,Thiamethoxam,3,2,1,3,Honeydew melon
44,Madhya Pradesh,Haifa Group,Deltamethrin,2,3,1,1,Garlic
45,Himachal Pradesh,K+S AG,Bendiocarb,2,3,2,2,Radishes
46,Haryana,EuroChem Group,Thiamethoxam,3,3,3,2,Grapes
47,Rajasthan,Ravensdown,Bifenthrin,1,1,3,1,Broccoli
48,Telangana,Sumitomo Chemical,Bendiocarb,1,2,2,3,Sorghum
49,Jharkhand,IFFCO,Cyfluthrin,2,3,3,3,Asparagus
50,Arunachal Pradesh,Sumitomo Chemical,Deltamethrin,2,2,3,2,"Legumes (such as beans, lentils, and peas)"
51,Assam,ICL Group,Acephate,2,3,3,1,Strawberries
52,Jharkhand,Bunge Limited,Propoxur,1,2,1,2,Peas
53,Andaman and Nicobar Islands,The Mosaic Company,Acetamiprid,1,1,2,3,Spinach
54,Mizoram,Agrium,Chlorpyrifos-methyl,3,2,2,3,Sweet potatoes
55,Sikkim,KuibyshevAzot,Acetamiprid,2,3,3,1,Green beans
56,Gujarat,Yara International,Propoxur,2,1,1,3,Quinoa
57,Andaman and Nicobar Islands,IFFCO,Carbaryl,2,1,3,2,Limes
58,Meghalaya,KuibyshevAzot,Bifenthrin,1,2,3,3,Lemons
59,Lakshadweep,K+S AG,Chlorpyrifos,1,3,3,3,Lemons
60,Meghalaya,Syngenta,Diazinon,2,3,3,2,Sunflower
61,Rajasthan,Sumitomo Chemical,Acephate,2,2,2,2,Spinach
62,Andaman and Nicobar Islands,Cargill,Methomyl,1,1,2,2,Sorghum
63,Haryana,Linde,Spinosad,3,1,3,1,Beets
64,Meghalaya,Wilbur-Ellis,Spinosad,1,3,3,2,Artichokes
65,Puducherry,SQM,Acephate,2,2,2,1,Watermelon
66,Jharkhand,Linde,Chlorpyrifos,3,2,3,3,Bell peppers
67,Chhattisgarh,K+S AG,Phosmet,3,1,1,1,Cantaloupe
68,Karnataka,K+S AG,Phosmet,3,3,1,3,Cauliflower
69,Goa,Bunge Limited,Indoxacarb,1,3,1,2,Soybeans
70,Tamil Nadu,Wilbur-Ellis,Methoxyfenozide,1,1,2,1,Collard greens
71,Himachal Pradesh,Bunge Limited,Acephate,1,3,3,3,Mustard greens
72,Odisha,Monsanto,Phosmet,2,3,3,2,Sunflower
73,Chandigarh,BASF,Clothianidin,2,3,3,2,Winter squash
74,Himachal Pradesh,Agrofert,Lambda-cyhalothrin,3,1,2,1,Turnips
75,Andhra Pradesh,Bayer CropScience,Dimethoate,1,3,3,1,Radishes
76,Gujarat,The Mosaic Company,Cyfluthrin,3,2,2,3,Apples
77,Delhi,SQM,Chlorpyrifos-methyl,1,3,1,3,Turnips
78,Odisha,BASF,Thiamethoxam,2,2,3,2,Raspberries
79,Arunachal Pradesh,Sinofert Holdings,Lambda-cyhalothrin,2,1,3,2,Barley
80,Kerala,Roullier Group,Imidacloprid,2,1,2,3,Green beans
81,Telangana,BASF,Spinosad,1,2,3,1,Tomatoes
82,Daman and Diu,Agrium Inc.,Imidacloprid,2,1,3,1,Blueberries
83,Chandigarh,The Mosaic Company,Endosulfan,1,2,3,3,Pumpkins
84,Andaman and Nicobar Islands,Haifa Group,Chlorpyrifos,1,1,1,1,Apples
85,Odisha,Sumitomo Chemical,Cypermethrin,2,2,1,2,Green beans
86,Telangana,OCI Nitrogen,Cypermethrin,1,3,3,2,Cherries
87,Punjab,Yara International,Dimethoate,1,1,2,1,Beets
88,Telangana,IFFCO,Cypermethrin,3,3,3,3,Spinach
89,Karnataka,KuibyshevAzot,Malathion,1,3,1,1,Buckwheat
90,Meghalaya,OCP Group,Thiacloprid,3,3,1,2,Peaches
91,Uttarakhand,OCI Nitrogen,Methomyl,2,2,1,1,Blueberries
92,Kerala,DuPont,Spinosad,2,1,1,3,Peaches
93,Himachal Pradesh,Monsanto,Propoxur,1,2,1,3,Mustard greens
94,Kerala,Nutrien,Thiamethoxam,3,3,1,2,Watermelon
95,Maharashtra,EuroChem Group,Malathion,1,2,3,3,Arugula
96,Lakshadweep,Nutrien,Phosmet,1,1,3,1,Blackberries
97,Andhra Pradesh,Agrium Inc.,Thiamethoxam,3,1,1,2,Cantaloupe
98,Rajasthan,Nutrien,Indoxacarb,2,3,3,2,Lettuce
99,Andaman and Nicobar Islands,Israel Chemicals Ltd.,Bifenthrin,2,3,3,2,Radishes
100,Mizoram,ADM (Archer Daniels Midland),Clothianidin,2,3,3,1,Cucumbers
101,Andaman and Nicobar Islands,Linde,Dimethoate,2,3,1,3,
102,Goa,OCP Group,Spinosad,1,1,3,3,
103,Haryana,Bunge Limited,Thiamethoxam,1,2,2,3,
104,Punjab,Monsanto,Dimethoate,3,3,3,2,
105,Rajasthan,Wilbur-Ellis,Fipronil,1,1,3,1,
106,Himachal Pradesh,Sumitomo Chemical,Permethrin,2,1,3,1,
107,Goa,Sinofert Holdings,Malathion,1,1,2,1,
108,Dadra and Nagar Haveli,CF Industries Holdings,Chlorpyrifos,1,2,3,1,
109,Mizoram,Cargill,Permethrin,2,1,1,1,
110,Madhya Pradesh,Roullier Group,Carbaryl,3,1,2,2,
111,Bihar,ICL Group,Acephate,1,1,3,3,
112,Kerala,OCI Nitrogen,Chlorantraniliprole,2,2,3,2,
113,Chhattisgarh,Bayer CropScience,Bifenthrin,2,2,3,3,
114,Assam,Agrium Inc.,Bifenthrin,3,1,2,3,
115,Jharkhand,Lhoist,Acetamiprid,1,3,1,3,
116,Daman and Diu,Ravensdown,Propoxur,1,1,1,2,
117,Bihar,OCP Group,Chlorpyrifos,3,1,3,1,
118,Tripura,OCI Nitrogen,Bifenthrin,3,3,3,1,
119,Manipur,Israel Chemicals Ltd.,Imidacloprid,3,2,3,2,
120,Assam,Bayer CropScience,Malathion,3,3,1,1,
121,Rajasthan,Nutrien,Thiacloprid,3,3,1,1,
122,Odisha,Agrium,Chlorantraniliprole,3,3,3,3,
123,Andhra Pradesh,Nutrien,Cypermethrin,3,3,2,2,
124,Bihar,ICL Group,Thiacloprid,3,3,3,3,
125,Mizoram,Bayer CropScience,Spinosad,3,1,3,1,
126,Tripura,Agrium,Thiamethoxam,3,3,1,1,
127,Punjab,Cargill,Fipronil,2,2,3,2,
128,Puducherry,Syngenta,Thiamethoxam,3,2,1,2,
129,Bihar,Bayer CropScience,Diazinon,2,1,1,3,
130,Kerala,Bayer CropScience,Malathion,3,2,3,1,
131,Manipur,SQM,Bifenthrin,2,3,2,3,
132,Assam,Syngenta,Carbaryl,1,1,1,2,
133,Andhra Pradesh,KuibyshevAzot,Endosulfan,2,2,1,1,
134,Punjab,Wilbur-Ellis,Malathion,1,3,2,2,
135,Manipur,Linde,Deltamethrin,1,3,1,3,
136,Gujarat,KuibyshevAzot,Deltamethrin,1,1,2,3,
137,Goa,ICL Group,Chlorpyrifos-methyl,1,2,3,2,
138,Punjab,Israel Chemicals Ltd.,Chlorantraniliprole,2,1,3,1,
139,Daman and Diu,Sumitomo Chemical,Fipronil,2,3,2,3,
140,Delhi,Agrium Inc.,Flubendiamide,2,2,2,1,
141,Rajasthan,Agrium Inc.,Fipronil,3,1,2,3,
142,Sikkim,DuPont,Phosmet,1,2,1,2,
143,Andhra Pradesh,ICL Group,Carbaryl,3,2,2,2,
144,Maharashtra,K+S AG,Acephate,1,3,2,3,
145,Daman and Diu,Ravensdown,Propoxur,2,2,3,3,
146,Meghalaya,Linde,Chlorantraniliprole,2,2,1,3,
147,Uttarakhand,Agrium,Malathion,1,2,3,2,
148,Puducherry,Israel Chemicals Ltd.,Flubendiamide,1,3,3,2,
149,Andhra Pradesh,Israel Chemicals Ltd.,Flubendiamide,2,1,3,1,
150,Sikkim,SQM,Methoxyfenozide,3,2,1,3,
151,Puducherry,The Mosaic Company,Chlorpyrifos,1,2,2,3,
152,Arunachal Pradesh,DuPont,Dimethoate,2,2,2,3,
153,Puducherry,OCI Nitrogen,Indoxacarb,2,2,1,1,
154,Puducherry,OCI Nitrogen,Imidacloprid,2,1,1,2,
155,Uttarakhand,EuroChem Group,Indoxacarb,1,1,2,2,
156,Sikkim,Monsanto,Chlorantraniliprole,1,3,3,2,
157,Bihar,Nutrien,Acetamiprid,2,3,3,3,
158,Lakshadweep,Israel Chemicals Ltd.,Permethrin,2,2,2,1,
159,Andhra Pradesh,Nutrien,Thiamethoxam,3,1,1,2,
160,Rajasthan,Israel Chemicals Ltd.,Bendiocarb,3,1,2,1,
161,Daman and Diu,Bunge Limited,Lambda-cyhalothrin,2,3,1,3,
162,Rajasthan,ADM (Archer Daniels Midland),Fipronil,2,3,1,3,
163,Punjab,OCP Group,Bendiocarb,3,2,2,3,
164,Rajasthan,ICL Group,Thiacloprid,1,2,2,2,
165,Telangana,Ravensdown,Chlorpyrifos-methyl,1,3,1,3,
166,Bihar,ADM (Archer Daniels Midland),Indoxacarb,3,1,1,1,
167,Haryana,Wilbur-Ellis,Thiamethoxam,3,3,1,1,
168,Tripura,Monsanto,Spinosad,2,1,3,1,
169,West Bengal,ICL Group,Propoxur,2,2,2,2,
170,Assam,Sinofert Holdings,Carbaryl,2,1,3,3,
171,Punjab,Nutrien,Spinosad,3,2,1,2,
172,Maharashtra,BASF,Thiacloprid,2,1,1,3,
173,Uttarakhand,Haifa Group,Indoxacarb,3,2,3,1,
174,Rajasthan,Linde,Chlorpyrifos-methyl,1,2,3,1,
175,Uttar Pradesh,DuPont,Cypermethrin,3,1,2,1,
176,Gujarat,Agrofert,Phosmet,2,1,2,2,
177,Manipur,Sumitomo Chemical,Phosmet,2,2,3,3,
178,Haryana,Roullier Group,Methoxyfenozide,3,1,3,2,
179,Manipur,EuroChem Group,Thiamethoxam,2,3,1,3,
180,Andaman and Nicobar Islands,The Mosaic Company,Flubendiamide,1,2,3,2,
181,Tripura,Linde,Propoxur,3,3,1,2,
182,Odisha,OCI Nitrogen,Imidacloprid,1,1,2,1,
183,Chandigarh,Ravensdown,Chlorpyrifos-methyl,1,3,1,3,
184,Mizoram,Linde,Indoxacarb,2,2,1,2,
185,Odisha,Yara International,Bifenthrin,2,1,2,2,
186,Tripura,Cargill,Permethrin,1,2,2,3,
187,Madhya Pradesh,IFFCO,Methoxyfenozide,1,2,2,3,
188,Chhattisgarh,ADM (Archer Daniels Midland),Methoxyfenozide,1,1,1,2,
189,Dadra and Nagar Haveli,Israel Chemicals Ltd.,Chlorantraniliprole,2,3,1,3,
190,Lakshadweep,ADM (Archer Daniels Midland),Thiamethoxam,1,1,3,2,
191,Odisha,ICL Group,Flubendiamide,1,2,3,3,
192,Telangana,EuroChem Group,Permethrin,2,1,3,3,
193,Nagaland,BASF,Spinosad,2,1,3,2,
194,Goa,Cargill,Methoxyfenozide,2,3,2,3,
195,Sikkim,Agrium Inc.,Acephate,1,2,3,2,
196,Chhattisgarh,Ravensdown,Deltamethrin,1,3,2,1,
197,Karnataka,Lhoist,Phosmet,1,1,2,2,
198,Andhra Pradesh,OCP Group,Acetamiprid,1,1,3,1,
199,Goa,Haifa Group,Flubendiamide,3,1,1,1,
200,Puducherry,BASF,Malathion,1,2,1,1,
201,Chhattisgarh,Monsanto,Malathion,1,1,1,1,
202,Andaman and Nicobar Islands,CF Industries Holdings,Dimethoate,3,1,2,1,
203,Dadra and Nagar Haveli,Cargill,Deltamethrin,3,3,3,2,
204,Jharkhand,Agrofert,Bendiocarb,2,1,3,2,
205,West Bengal,IFFCO,Chlorpyrifos,2,3,3,1,
206,Lakshadweep,ICL Group,Permethrin,2,2,1,3,
207,Lakshadweep,OCI Nitrogen,Spinosad,2,2,2,2,
208,Lakshadweep,Syngenta,Thiacloprid,2,1,2,1,
209,Arunachal Pradesh,CF Industries Holdings,Thiamethoxam,3,3,1,2,
210,Tamil Nadu,Nutrien,Diazinon,3,3,1,2,
211,Odisha,Bayer CropScience,Thiacloprid,3,2,1,1,
212,Rajasthan,Lhoist,Methoxyfenozide,2,1,2,3,
213,Assam,Haifa Group,Diazinon,2,3,2,3,
214,Odisha,Agrium,Deltamethrin,3,2,1,1,
215,Andaman and Nicobar Islands,Israel Chemicals Ltd.,Diazinon,3,3,2,3,
216,Puducherry,The Mosaic Company,Thiacloprid,2,2,1,3,
217,Haryana,Linde,Fipronil,1,3,2,3,
218,Uttarakhand,OCP Group,Lambda-cyhalothrin,2,3,1,1,
219,Himachal Pradesh,Linde,Thiamethoxam,3,1,1,1,
220,Odisha,ICL Group,Carbaryl,2,3,3,1,
221,Uttarakhand,ADM (Archer Daniels Midland),Lambda-cyhalothrin,2,3,1,3,
222,Lakshadweep,OCI Nitrogen,Cyfluthrin,1,1,1,3,
223,Punjab,Yara International,Endosulfan,3,3,3,3,
224,Gujarat,Agrium Inc.,Methoxyfenozide,2,1,3,2,
225,Uttar Pradesh,CF Industries Holdings,Permethrin,2,1,3,2,
226,Karnataka,OCI Nitrogen,Bendiocarb,3,1,3,3,
227,Manipur,Linde,Phosmet,1,2,3,1,
228,Tamil Nadu,SQM,Bifenthrin,1,3,1,3,
229,Arunachal Pradesh,Roullier Group,Deltamethrin,3,2,1,1,
230,Manipur,Monsanto,Malathion,1,1,2,3,
231,Bihar,SQM,Permethrin,1,3,2,1,
232,Delhi,Sinofert Holdings,Indoxacarb,1,1,2,2,
233,Nagaland,Israel Chemicals Ltd.,Fipronil,1,1,2,3,
234,Mizoram,Ravensdown,Methomyl,3,3,2,3,
235,Haryana,Syngenta,Lambda-cyhalothrin,1,1,3,2,
236,Delhi,Agrofert,Chlorantraniliprole,1,3,2,1,
237,Nagaland,Sumitomo Chemical,Fipronil,1,3,2,1,
238,Delhi,BASF,Cyfluthrin,3,1,2,2,
239,Tamil Nadu,Monsanto,Diazinon,1,1,3,2,
240,Delhi,OCP Group,Chlorpyrifos-methyl,1,3,2,1,
241,Madhya Pradesh,Nutrien,Acetamiprid,3,2,1,2,
242,Chhattisgarh,IFFCO,Methomyl,2,2,3,3,
243,Tripura,Linde,Bifenthrin,3,1,3,1,
244,West Bengal,EuroChem Group,Propoxur,1,1,3,1,
245,Punjab,OCP Group,Spinosad,2,1,3,1,
246,Karnataka,ICL Group,Bifenthrin,1,2,1,1,
247,Tamil Nadu,The Mosaic Company,Cypermethrin,3,3,1,1,
248,Bihar,IFFCO,Cyfluthrin,2,2,3,1,
249,West Bengal,Sinofert Holdings,Deltamethrin,2,2,2,3,
250,Gujarat,OCP Group,Imidacloprid,3,3,1,1,
251,Mizoram,Ravensdown,Lambda-cyhalothrin,2,1,3,3,
252,Uttar Pradesh,CF Industries Holdings,Bifenthrin,2,2,1,2,
253,Odisha,EuroChem Group,Dimethoate,2,2,1,3,
254,Tripura,Syngenta,Deltamethrin,3,2,2,1,
255,Haryana,Linde,Chlorpyrifos,2,3,1,1,
256,Kerala,ADM (Archer Daniels Midland),Indoxacarb,1,2,2,1,
257,Bihar,Syngenta,Lambda-cyhalothrin,1,3,2,1,
258,Punjab,KuibyshevAzot,Cypermethrin,1,2,1,3,
259,Karnataka,Yara International,Propoxur,3,3,3,2,
260,Delhi,Nutrien,Chlorpyrifos-methyl,2,1,1,3,
261,Delhi,The Mosaic Company,Propoxur,3,2,3,2,
262,Chhattisgarh,Bayer CropScience,Cypermethrin,3,2,2,1,
263,Gujarat,Lhoist,Phosmet,3,1,3,1,
264,Tripura,Bunge Limited,Lambda-cyhalothrin,1,3,3,3,
265,Puducherry,The Mosaic Company,Fipronil,1,2,1,2,
266,Delhi,Monsanto,Clothianidin,1,3,3,1,
267,Himachal Pradesh,Sumitomo Chemical,Thiacloprid,3,2,3,1,
268,Gujarat,Coromandel International,Deltamethrin,3,1,1,2,
269,Manipur,Bunge Limited,Permethrin,2,1,2,2,
270,Goa,ADM (Archer Daniels Midland),Bendiocarb,3,1,2,3,
271,Haryana,Agrium Inc.,Chlorantraniliprole,1,2,2,1,
272,Delhi,Israel Chemicals Ltd.,Carbaryl,3,1,3,2,
273,Haryana,Sumitomo Chemical,Bendiocarb,1,1,2,3,
274,Telangana,EuroChem Group,Thiamethoxam,1,1,3,3,
275,Bihar,Israel Chemicals Ltd.,Methoxyfenozide,1,2,1,1,
276,Assam,Nutrien,Phosmet,1,1,2,2,
277,Meghalaya,OCI Nitrogen,Dimethoate,1,2,1,1,
278,Assam,Bayer CropScience,Endosulfan,1,1,3,1,
279,Manipur,ICL Group,Cypermethrin,2,1,3,1,
280,Karnataka,Agrium Inc.,Chlorantraniliprole,2,1,1,1,
281,Uttarakhand,Lhoist,Carbaryl,2,1,3,2,
282,Uttar Pradesh,OCP Group,Acetamiprid,1,2,2,3,
283,Madhya Pradesh,EuroChem Group,Acephate,3,2,1,1,
284,Lakshadweep,Coromandel International,Thiacloprid,1,2,1,1,
285,Mizoram,Haifa Group,Chlorpyrifos-methyl,1,2,2,3,
286,Nagaland,Linde,Acetamiprid,1,3,3,1,
287,Telangana,BASF,Indoxacarb,3,1,1,1,
288,Puducherry,Cargill,Chlorpyrifos,1,2,3,3,
289,Kerala,ICL Group,Diazinon,3,3,2,2,
290,Manipur,Sumitomo Chemical,Chlorpyrifos-methyl,1,2,1,1,
291,Nagaland,Lhoist,Acetamiprid,3,2,2,1,
292,Goa,Israel Chemicals Ltd.,Clothianidin,2,3,3,2,
293,Andhra Pradesh,OCI Nitrogen,Permethrin,3,2,1,3,
294,Dadra and Nagar Haveli,Lhoist,Thiacloprid,1,3,1,1,
295,Daman and Diu,OCP Group,Thiamethoxam,2,3,1,3,
296,Chhattisgarh,CF Industries Holdings,Lambda-cyhalothrin,2,3,2,1,
297,Haryana,EuroChem Group,Methomyl,3,2,1,2,
298,Delhi,Monsanto,Dimethoate,1,3,2,1,
299,Rajasthan,Agrofert,Chlorpyrifos-methyl,2,1,1,2,
300,Dadra and Nagar Haveli,Haifa Group,Chlorpyrifos-methyl,1,1,3,2,
301,Meghalaya,OCP Group,Chlorantraniliprole,3,3,1,2,
302,Haryana,Haifa Group,Bifenthrin,2,2,3,3,
303,Gujarat,Linde,Chlorantraniliprole,1,3,2,2,
304,Odisha,IFFCO,Malathion,1,1,2,3,
305,Dadra and Nagar Haveli,Roullier Group,Acephate,2,3,2,2,
306,Bihar,OCI Nitrogen,Carbaryl,1,3,1,1,
307,Chandigarh,CF Industries Holdings,Cyfluthrin,1,3,1,1,
308,Uttar Pradesh,Linde,Thiamethoxam,1,3,3,1,
309,Mizoram,Wilbur-Ellis,Malathion,1,2,2,2,
310,Goa,ADM (Archer Daniels Midland),Methomyl,1,3,2,1,
311,Daman and Diu,EuroChem Group,Thiamethoxam,1,3,1,3,
312,Bihar,SQM,Cypermethrin,1,3,1,3,
313,Gujarat,Cargill,Carbaryl,1,1,3,3,
314,Jharkhand,Yara International,Chlorpyrifos-methyl,3,1,3,1,
315,Chhattisgarh,BASF,Acetamiprid,1,1,1,2,
316,Madhya Pradesh,CF Industries Holdings,Methoxyfenozide,1,2,2,2,
317,Odisha,Cargill,Acetamiprid,3,1,3,3,
318,Daman and Diu,Bunge Limited,Methoxyfenozide,2,3,2,3,
319,Puducherry,Roullier Group,Carbaryl,3,1,3,2,
320,Madhya Pradesh,Bunge Limited,Cyfluthrin,2,1,2,1,
321,Tamil Nadu,EuroChem Group,Thiacloprid,2,2,2,1,
322,Kerala,Yara International,Malathion,3,3,1,2,
323,Andaman and Nicobar Islands,Agrium,Acetamiprid,1,3,1,2,
324,Andhra Pradesh,Coromandel International,Deltamethrin,1,2,3,3,
325,Puducherry,Yara International,Indoxacarb,2,1,2,1,
326,Tamil Nadu,CF Industries Holdings,Clothianidin,2,3,1,3,
327,Manipur,K+S AG,Fipronil,2,2,3,3,
328,Haryana,Sumitomo Chemical,Thiacloprid,1,1,2,3,
329,Dadra and Nagar Haveli,Haifa Group,Dimethoate,1,1,1,3,
330,Tamil Nadu,Coromandel International,Carbaryl,2,2,3,1,
331,Meghalaya,Sumitomo Chemical,Acephate,2,3,3,1,
332,Meghalaya,IFFCO,Chlorpyrifos-methyl,2,3,3,2,
333,Assam,Bayer CropScience,Imidacloprid,1,2,3,3,
334,Lakshadweep,Agrium Inc.,Fipronil,3,1,3,3,
335,Meghalaya,Agrium,Thiamethoxam,1,1,2,2,
336,Bihar,Agrofert,Cypermethrin,1,1,1,2,
337,Uttarakhand,Ravensdown,Bendiocarb,1,3,1,3,
338,Andaman and Nicobar Islands,Agrium Inc.,Spinosad,3,1,2,2,
339,Bihar,Linde,Cypermethrin,3,3,2,2,
340,Rajasthan,EuroChem Group,Fipronil,1,1,3,2,
341,Madhya Pradesh,Bunge Limited,Chlorpyrifos,2,1,2,2,
342,Meghalaya,The Mosaic Company,Acephate,1,2,3,3,
343,Tamil Nadu,ADM (Archer Daniels Midland),Cypermethrin,2,2,1,2,
344,Chandigarh,Israel Chemicals Ltd.,Carbaryl,1,2,1,2,
345,Chhattisgarh,Syngenta,Bifenthrin,3,2,3,2,
346,Meghalaya,Nutrien,Chlorpyrifos,1,1,1,3,
347,Dadra and Nagar Haveli,K+S AG,Clothianidin,2,1,2,3,
348,Dadra and Nagar Haveli,Cargill,Bendiocarb,1,2,3,3,
349,Nagaland,Agrium Inc.,Endosulfan,2,1,3,1,
350,Mizoram,The Mosaic Company,Clothianidin,3,3,1,1,
351,West Bengal,Wilbur-Ellis,Thiacloprid,2,3,2,1,
352,Chhattisgarh,The Mosaic Company,Clothianidin,3,2,1,3,
353,Jharkhand,K+S AG,Dimethoate,1,2,1,3,
354,West Bengal,BASF,Chlorantraniliprole,1,3,1,1,
355,Odisha,Monsanto,Thiamethoxam,1,2,1,3,
356,Sikkim,ADM (Archer Daniels Midland),Methoxyfenozide,2,3,1,3,
357,Arunachal Pradesh,Ravensdown,Cyfluthrin,2,3,3,2,
358,Jharkhand,Lhoist,Diazinon,1,3,2,2,
359,Punjab,Syngenta,Deltamethrin,1,1,3,2,
360,Madhya Pradesh,EuroChem Group,Fipronil,2,3,1,2,
361,Daman and Diu,The Mosaic Company,Permethrin,2,2,2,3,
362,Goa,Nutrien,Bifenthrin,1,2,2,1,
363,Sikkim,Lhoist,Acephate,2,1,2,1,
364,Andhra Pradesh,Wilbur-Ellis,Chlorpyrifos,1,3,2,3,
365,Himachal Pradesh,DuPont,Endosulfan,2,1,3,2,
366,Tripura,CF Industries Holdings,Propoxur,2,3,3,3,
367,Madhya Pradesh,Cargill,Malathion,3,1,1,2,
368,Karnataka,DuPont,Clothianidin,1,2,2,2,
369,Lakshadweep,Roullier Group,Endosulfan,3,2,1,1,
370,Jharkhand,Israel Chemicals Ltd.,Cypermethrin,1,3,1,1,
371,Chandigarh,CF Industries Holdings,Acephate,3,3,3,1,
372,Daman and Diu,Coromandel International,Methomyl,1,2,2,3,
373,Punjab,Agrofert,Indoxacarb,1,3,2,1,
374,Delhi,ICL Group,Cyfluthrin,1,2,2,2,
375,Punjab,Yara International,Thiamethoxam,2,1,1,1,
376,Goa,The Mosaic Company,Flubendiamide,1,3,1,2,
377,Kerala,The Mosaic Company,Diazinon,3,3,2,3,
378,Kerala,Wilbur-Ellis,Acetamiprid,3,2,2,3,
379,Maharashtra,KuibyshevAzot,Acetamiprid,3,1,1,1,
380,Punjab,OCI Nitrogen,Malathion,1,3,1,1,
381,Assam,BASF,Bifenthrin,2,3,3,2,
382,Uttarakhand,ADM (Archer Daniels Midland),Fipronil,3,3,3,3,
383,Delhi,Bunge Limited,Chlorpyrifos,3,2,3,3,
384,Uttar Pradesh,IFFCO,Cyfluthrin,1,2,2,3,
385,Bihar,Agrofert,Bendiocarb,3,2,2,1,
386,Tripura,ICL Group,Phosmet,1,3,3,1,
387,Goa,Sinofert Holdings,Bendiocarb,1,1,2,1,
388,Daman and Diu,Bayer CropScience,Endosulfan,2,3,3,1,
389,Meghalaya,Ravensdown,Lambda-cyhalothrin,1,3,3,2,
390,Manipur,DuPont,Chlorpyrifos-methyl,1,2,3,2,
391,Puducherry,Agrium,Methomyl,3,1,3,1,
392,Lakshadweep,Bunge Limited,Diazinon,2,2,1,1,
393,Arunachal Pradesh,BASF,Cyfluthrin,1,3,2,3,
394,Sikkim,Roullier Group,Chlorpyrifos,1,3,2,1,
395,Uttar Pradesh,Coromandel International,Bendiocarb,2,1,3,2,
396,Madhya Pradesh,Roullier Group,Thiacloprid,3,1,2,3,
397,Rajasthan,Sumitomo Chemical,Thiamethoxam,2,1,1,3,
398,Odisha,Yara International,Chlorpyrifos,3,3,2,3,
399,Rajasthan,K+S AG,Phosmet,3,1,3,2,
400,Meghalaya,Agrium Inc.,Fipronil,1,3,1,1,
401,Puducherry,Sumitomo Chemical,Chlorantraniliprole,1,2,1,2,
402,Uttarakhand,Syngenta,Acetamiprid,1,2,3,1,
403,Himachal Pradesh,OCI Nitrogen,Acephate,2,3,2,2,
404,Himachal Pradesh,OCP Group,Chlorantraniliprole,1,1,2,2,
405,Tripura,ICL Group,Chlorpyrifos-methyl,2,3,1,3,
406,Maharashtra,Syngenta,Fipronil,3,3,1,2,
407,Haryana,Cargill,Thiamethoxam,3,1,2,1,
408,Nagaland,SQM,Acetamiprid,3,3,2,1,
409,Chandigarh,OCI Nitrogen,Permethrin,2,3,1,2,
410,Odisha,OCI Nitrogen,Permethrin,1,1,3,1,
411,Chhattisgarh,Israel Chemicals Ltd.,Indoxacarb,3,1,1,1,
412,Maharashtra,Linde,Dimethoate,3,1,3,1,
413,Madhya Pradesh,Haifa Group,Imidacloprid,1,3,1,3,
414,Mizoram,Bayer CropScience,Flubendiamide,3,2,3,3,
415,Tripura,ICL Group,Bendiocarb,1,2,3,3,
416,Daman and Diu,Wilbur-Ellis,Imidacloprid,2,2,3,3,
417,Odisha,Agrofert,Bifenthrin,1,1,1,2,
418,Himachal Pradesh,Agrofert,Flubendiamide,3,2,2,1,
419,Jharkhand,Yara International,Chlorantraniliprole,2,3,2,3,
420,Assam,Nutrien,Imidacloprid,1,3,2,3,
421,Puducherry,Sinofert Holdings,Indoxacarb,3,1,2,3,
422,Chhattisgarh,SQM,Cyfluthrin,1,2,1,1,
423,Lakshadweep,ICL Group,Thiamethoxam,3,3,1,3,
424,Daman and Diu,Linde,Acephate,1,2,3,1,
425,Uttar Pradesh,ICL Group,Thiamethoxam,1,2,3,3,
426,Himachal Pradesh,Agrofert,Bifenthrin,3,2,1,1,
427,Bihar,K+S AG,Clothianidin,2,1,1,2,
428,Tamil Nadu,The Mosaic Company,Spinosad,3,3,3,1,
429,Andaman and Nicobar Islands,The Mosaic Company,Dimethoate,1,3,1,1,
430,Rajasthan,Nutrien,Bifenthrin,2,3,2,2,
431,Lakshadweep,ADM (Archer Daniels Midland),Bendiocarb,2,2,1,2,
432,Goa,Yara International,Methomyl,3,2,1,3,
433,Gujarat,KuibyshevAzot,Cypermethrin,1,2,1,2,
434,Maharashtra,OCP Group,Spinosad,3,2,1,1,
435,Goa,Lhoist,Chlorpyrifos-methyl,1,1,1,1,
436,Tamil Nadu,DuPont,Diazinon,1,1,3,2,
437,Madhya Pradesh,The Mosaic Company,Thiamethoxam,3,1,3,2,
438,Manipur,EuroChem Group,Malathion,3,3,2,2,
439,Mizoram,DuPont,Lambda-cyhalothrin,2,3,3,3,
440,Maharashtra,Wilbur-Ellis,Indoxacarb,1,1,3,3,
441,Tripura,IFFCO,Bendiocarb,1,2,3,3,
442,Himachal Pradesh,Sumitomo Chemical,Thiamethoxam,1,3,2,3,
443,Lakshadweep,Linde,Bendiocarb,1,2,2,2,
444,Lakshadweep,Agrium,Flubendiamide,2,2,1,1,
445,Rajasthan,The Mosaic Company,Cyfluthrin,1,3,2,2,
446,Punjab,OCI Nitrogen,Thiamethoxam,1,2,3,2,
447,Daman and Diu,Wilbur-Ellis,Carbaryl,3,3,1,1,
448,Himachal Pradesh,Agrium,Clothianidin,1,2,1,2,
449,Himachal Pradesh,SQM,Thiamethoxam,3,3,1,1,
450,West Bengal,Bayer CropScience,Thiacloprid,1,1,2,1,
451,Goa,Wilbur-Ellis,Thiacloprid,1,1,3,3,
452,Goa,Monsanto,Thiamethoxam,1,2,3,2,
453,Odisha,EuroChem Group,Permethrin,1,1,1,3,
454,Nagaland,IFFCO,Permethrin,1,3,3,3,
455,Punjab,DuPont,Thiamethoxam,1,3,3,3,
456,Uttar Pradesh,Ravensdown,Flubendiamide,2,2,1,1,
457,Chhattisgarh,Bayer CropScience,Bendiocarb,2,3,2,3,
458,Karnataka,Sinofert Holdings,Bendiocarb,3,1,3,3,
459,Mizoram,CF Industries Holdings,Chlorantraniliprole,1,2,3,3,
460,Sikkim,Haifa Group,Bifenthrin,3,2,1,3,
461,Dadra and Nagar Haveli,Cargill,Acephate,3,1,1,2,
462,West Bengal,BASF,Acephate,3,1,3,1,
463,Andhra Pradesh,Nutrien,Lambda-cyhalothrin,3,1,3,3,
464,Tripura,SQM,Spinosad,1,2,2,2,
465,Andhra Pradesh,Sumitomo Chemical,Chlorantraniliprole,2,3,2,1,
466,Chhattisgarh,Cargill,Fipronil,3,3,2,3,
467,Mizoram,Bunge Limited,Phosmet,3,1,3,2,
468,Gujarat,Haifa Group,Imidacloprid,1,1,1,1,
469,Meghalaya,ICL Group,Phosmet,1,3,3,3,
470,Chhattisgarh,Cargill,Phosmet,1,1,1,3,
471,Telangana,Roullier Group,Methoxyfenozide,3,2,2,1,
472,Sikkim,Agrium Inc.,Cypermethrin,3,2,3,1,
473,Lakshadweep,Agrofert,Dimethoate,3,2,3,1,
474,Sikkim,OCI Nitrogen,Endosulfan,2,3,1,2,
475,Madhya Pradesh,SQM,Clothianidin,3,1,2,1,
476,Telangana,Sumitomo Chemical,Cypermethrin,3,1,3,1,
477,Andhra Pradesh,Agrium,Clothianidin,2,1,3,1,
478,Assam,SQM,Imidacloprid,1,1,2,3,
479,Arunachal Pradesh,KuibyshevAzot,Flubendiamide,2,1,2,2,
480,Gujarat,IFFCO,Methomyl,1,1,1,3,
481,Rajasthan,Lhoist,Deltamethrin,2,2,1,2,
482,Haryana,Monsanto,Dimethoate,2,1,3,2,
483,Dadra and Nagar Haveli,DuPont,Imidacloprid,3,1,3,2,
484,Punjab,KuibyshevAzot,Phosmet,1,2,2,1,
485,Tamil Nadu,The Mosaic Company,Thiacloprid,2,1,3,1,
486,Andhra Pradesh,OCP Group,Dimethoate,3,2,3,2,
487,Lakshadweep,Agrium Inc.,Thiacloprid,2,3,1,1,
488,Lakshadweep,Sinofert Holdings,Chlorpyrifos-methyl,3,1,3,2,
489,Assam,SQM,Cypermethrin,2,1,1,1,
490,Kerala,The Mosaic Company,Dimethoate,1,2,3,1,
491,Dadra and Nagar Haveli,Israel Chemicals Ltd.,Clothianidin,1,3,2,3,
492,Lakshadweep,KuibyshevAzot,Chlorantraniliprole,1,1,1,1,
493,Andhra Pradesh,K+S AG,Bendiocarb,1,3,2,3,
494,Puducherry,Sumitomo Chemical,Lambda-cyhalothrin,1,1,2,3,
495,Rajasthan,DuPont,Carbaryl,3,1,1,2,
496,Meghalaya,OCI Nitrogen,Bifenthrin,3,3,2,2,
497,Meghalaya,Monsanto,Imidacloprid,3,2,3,1,
498,Daman and Diu,Bayer CropScience,Malathion,2,1,3,3,
499,Lakshadweep,OCP Group,Cyfluthrin,2,3,2,2,
500,Punjab,KuibyshevAzot,Chlorpyrifos,3,3,2,1,
501,Kerala,KuibyshevAzot,Methoxyfenozide,3,2,2,1,
502,Sikkim,OCP Group,Phosmet,1,2,2,3,
503,Telangana,Cargill,Cypermethrin,3,1,2,3,
504,Haryana,K+S AG,Diazinon,2,3,1,3,
505,Delhi,BASF,Permethrin,2,2,3,2,
506,Rajasthan,Lhoist,Chlorpyrifos-methyl,1,3,3,1,
507,Meghalaya,Nutrien,Imidacloprid,3,1,2,2,
508,Sikkim,Syngenta,Methomyl,2,1,3,1,
509,Assam,The Mosaic Company,Deltamethrin,1,1,1,1,
510,Andhra Pradesh,Israel Chemicals Ltd.,Chlorpyrifos-methyl,3,2,1,3,
511,Gujarat,K+S AG,Flubendiamide,2,3,1,1,
512,Kerala,BASF,Acetamiprid,1,3,1,3,
513,Arunachal Pradesh,EuroChem Group,Dimethoate,1,2,3,1,
514,Uttarakhand,Lhoist,Bendiocarb,1,2,1,3,
515,Arunachal Pradesh,ICL Group,Phosmet,2,3,2,1,
516,West Bengal,KuibyshevAzot,Chlorantraniliprole,1,2,2,2,
517,Chandigarh,KuibyshevAzot,Bendiocarb,2,3,2,1,
518,Punjab,OCP Group,Flubendiamide,1,2,2,1,
519,Punjab,Monsanto,Cyfluthrin,1,2,2,3,
520,West Bengal,Linde,Diazinon,2,3,3,3,
521,Karnataka,Agrium Inc.,Bendiocarb,1,1,2,2,
522,Sikkim,DuPont,Flubendiamide,1,2,2,2,
523,Tamil Nadu,Coromandel International,Phosmet,3,3,1,2,
524,Odisha,Roullier Group,Carbaryl,2,1,2,3,
525,Nagaland,Syngenta,Dimethoate,1,3,1,1,
526,West Bengal,Wilbur-Ellis,Permethrin,3,1,2,1,
527,Lakshadweep,Syngenta,Thiamethoxam,3,2,1,3,
528,Mizoram,Ravensdown,Acephate,3,3,3,1,
529,Tamil Nadu,Sumitomo Chemical,Cyfluthrin,1,1,1,3,
530,Dadra and Nagar Haveli,EuroChem Group,Clothianidin,2,1,3,1,
531,Daman and Diu,Agrium,Fipronil,2,2,1,2,
532,Bihar,KuibyshevAzot,Bendiocarb,3,3,2,1,
533,Himachal Pradesh,Sumitomo Chemical,Carbaryl,2,3,3,2,
534,Uttar Pradesh,Bayer CropScience,Acetamiprid,2,2,3,3,
535,Tamil Nadu,Linde,Spinosad,3,3,1,1,
536,Gujarat,Sumitomo Chemical,Chlorpyrifos-methyl,2,3,2,2,
537,Arunachal Pradesh,Syngenta,Thiamethoxam,2,2,3,1,
538,Karnataka,Sumitomo Chemical,Propoxur,3,2,1,3,
539,Tripura,Nutrien,Dimethoate,3,2,2,3,
540,Himachal Pradesh,K+S AG,Flubendiamide,1,3,1,2,
541,Mizoram,ADM (Archer Daniels Midland),Phosmet,1,1,1,1,
542,Karnataka,DuPont,Carbaryl,1,1,2,2,
543,Karnataka,OCP Group,Clothianidin,3,1,3,2,
544,West Bengal,BASF,Phosmet,2,2,2,1,
545,Puducherry,Agrofert,Endosulfan,2,3,3,2,
546,Arunachal Pradesh,OCI Nitrogen,Methoxyfenozide,3,3,3,2,
547,Kerala,Yara International,Flubendiamide,1,2,2,2,
548,Gujarat,ADM (Archer Daniels Midland),Thiacloprid,2,1,2,2,
549,Dadra and Nagar Haveli,IFFCO,Bendiocarb,3,1,2,1,
550,West Bengal,Ravensdown,Carbaryl,3,3,3,2,
551,Goa,Monsanto,Flubendiamide,3,2,3,2,
552,Odisha,CF Industries Holdings,Methoxyfenozide,1,2,3,2,
553,Manipur,Agrofert,Imidacloprid,3,1,1,1,
554,Punjab,Cargill,Deltamethrin,2,3,2,1,
555,Chandigarh,Agrofert,Indoxacarb,1,2,1,1,
556,Arunachal Pradesh,SQM,Imidacloprid,1,2,2,3,
557,Karnataka,EuroChem Group,Indoxacarb,2,1,1,2,
558,Uttarakhand,Bayer CropScience,Carbaryl,1,3,3,1,
559,Nagaland,The Mosaic Company,Carbaryl,1,1,3,1,
560,Assam,DuPont,Deltamethrin,3,3,3,3,
561,Uttar Pradesh,Linde,Thiamethoxam,1,1,3,2,
562,Mizoram,OCP Group,Bifenthrin,2,1,1,1,
563,Haryana,ICL Group,Diazinon,3,2,3,1,
564,Himachal Pradesh,ADM (Archer Daniels Midland),Flubendiamide,2,2,1,1,
565,West Bengal,Cargill,Malathion,2,3,3,3,
566,Himachal Pradesh,BASF,Flubendiamide,2,2,2,2,
567,Rajasthan,Coromandel International,Bendiocarb,3,2,2,2,
568,Gujarat,The Mosaic Company,Bifenthrin,1,1,3,2,
569,Tripura,Linde,Acephate,3,3,3,3,
570,Delhi,ADM (Archer Daniels Midland),Diazinon,1,1,2,2,
571,Assam,OCP Group,Bendiocarb,3,2,1,1,
572,Puducherry,Agrofert,Endosulfan,2,3,2,2,
573,Nagaland,Agrium Inc.,Lambda-cyhalothrin,2,2,3,2,
574,Dadra and Nagar Haveli,CF Industries Holdings,Acetamiprid,1,3,1,1,
575,Puducherry,Agrofert,Fipronil,1,2,1,1,
576,Meghalaya,Syngenta,Methomyl,2,2,2,1,
577,Tamil Nadu,Linde,Malathion,2,1,1,1,
578,Haryana,DuPont,Diazinon,1,1,2,3,
579,Manipur,Haifa Group,Methoxyfenozide,3,3,3,1,
580,Chhattisgarh,Ravensdown,Methomyl,3,3,3,2,
581,West Bengal,Yara International,Fipronil,2,2,3,1,
582,Himachal Pradesh,IFFCO,Phosmet,2,3,3,1,
583,Andhra Pradesh,Yara International,Methomyl,1,3,3,1,
584,Chandigarh,Nutrien,Thiamethoxam,2,1,3,2,
585,Himachal Pradesh,Syngenta,Chlorpyrifos,1,3,2,3,
586,Madhya Pradesh,CF Industries Holdings,Cyfluthrin,2,3,1,2,
587,Chandigarh,Roullier Group,Diazinon,1,2,2,3,
588,Andhra Pradesh,Bunge Limited,Diazinon,3,3,3,3,
589,Chhattisgarh,Yara International,Clothianidin,3,2,3,3,
590,Kerala,Coromandel International,Acetamiprid,1,1,1,1,
591,Uttar Pradesh,Nutrien,Deltamethrin,2,3,3,1,
592,Goa,Agrium,Dimethoate,1,1,2,2,
593,Telangana,Haifa Group,Chlorpyrifos,1,1,3,1,
594,Arunachal Pradesh,Syngenta,Spinosad,3,1,1,3,
595,Haryana,Linde,Chlorantraniliprole,1,3,2,1,
596,Madhya Pradesh,CF Industries Holdings,Thiacloprid,3,3,2,2,
597,Sikkim,Bayer CropScience,Endosulfan,3,2,3,3,
598,Andaman and Nicobar Islands,Linde,Imidacloprid,1,3,2,3,
599,Sikkim,Ravensdown,Imidacloprid,1,3,3,1,
600,Tripura,ADM (Archer Daniels Midland),Bendiocarb,3,3,3,3,
601,Puducherry,Sumitomo Chemical,Flubendiamide,2,2,2,3,
602,Sikkim,ICL Group,Fipronil,3,3,2,1,
603,Tripura,Roullier Group,Propoxur,1,3,2,2,
604,Lakshadweep,Israel Chemicals Ltd.,Methoxyfenozide,3,1,1,3,
605,Mizoram,ADM (Archer Daniels Midland),Propoxur,1,2,1,1,
606,Madhya Pradesh,Roullier Group,Carbaryl,1,2,3,3,
607,Andhra Pradesh,KuibyshevAzot,Cypermethrin,2,3,2,3,
608,Chhattisgarh,OCI Nitrogen,Carbaryl,1,3,3,1,
609,Nagaland,Sinofert Holdings,Cyfluthrin,1,1,2,1,
610,Meghalaya,CF Industries Holdings,Cyfluthrin,3,2,3,2,
611,Andhra Pradesh,CF Industries Holdings,Propoxur,2,2,3,3,
612,Karnataka,Wilbur-Ellis,Thiamethoxam,1,1,3,2,
613,Odisha,SQM,Chlorantraniliprole,3,2,1,1,
614,Lakshadweep,OCP Group,Phosmet,3,1,1,2,
615,Uttarakhand,Bunge Limited,Acetamiprid,1,2,3,1,
616,Gujarat,Roullier Group,Chlorpyrifos,1,3,2,3,
617,Goa,ICL Group,Indoxacarb,2,1,2,3,
618,Puducherry,OCI Nitrogen,Cypermethrin,2,1,3,3,
619,Uttarakhand,Monsanto,Lambda-cyhalothrin,3,3,3,2,
620,Gujarat,Wilbur-Ellis,Imidacloprid,1,2,2,1,
621,Bihar,Monsanto,Acephate,1,2,3,2,
622,Daman and Diu,Lhoist,Phosmet,2,2,3,3,
623,Haryana,SQM,Propoxur,1,3,2,2,
624,Himachal Pradesh,EuroChem Group,Fipronil,1,3,3,2,
625,Tripura,Bunge Limited,Acephate,2,1,3,3,
626,Nagaland,Nutrien,Indoxacarb,1,1,3,3,
627,Meghalaya,Bunge Limited,Methomyl,3,1,2,3,
628,Sikkim,DuPont,Chlorantraniliprole,2,1,2,1,
629,Tamil Nadu,IFFCO,Propoxur,1,3,3,1,
630,Goa,OCP Group,Spinosad,2,3,2,3,
631,Dadra and Nagar Haveli,KuibyshevAzot,Cypermethrin,1,1,3,1,
632,Odisha,Syngenta,Clothianidin,2,3,2,2,
633,Maharashtra,Bunge Limited,Dimethoate,1,1,2,3,
634,Karnataka,Cargill,Lambda-cyhalothrin,2,3,2,1,
635,Daman and Diu,Roullier Group,Dimethoate,1,3,3,2,
636,Bihar,SQM,Dimethoate,1,1,3,1,
637,Haryana,Agrofert,Cyfluthrin,1,2,3,1,
638,Chhattisgarh,ADM (Archer Daniels Midland),Chlorpyrifos,2,3,3,2,
639,Madhya Pradesh,ICL Group,Malathion,3,3,3,3,
640,Chhattisgarh,K+S AG,Thiamethoxam,3,2,2,2,
641,Himachal Pradesh,EuroChem Group,Fipronil,2,3,1,1,
642,Meghalaya,K+S AG,Permethrin,3,3,1,3,
643,Assam,Nutrien,Imidacloprid,3,1,3,1,
644,Odisha,Yara International,Malathion,2,3,3,3,
645,West Bengal,Agrium Inc.,Thiamethoxam,3,1,1,3,
646,Mizoram,Coromandel International,Bifenthrin,2,3,2,2,
647,Telangana,IFFCO,Thiamethoxam,2,1,2,3,
648,Rajasthan,Agrofert,Thiamethoxam,1,2,2,1,
649,Madhya Pradesh,SQM,Flubendiamide,3,3,1,2,
650,Gujarat,Agrium Inc.,Endosulfan,3,1,3,1,
651,Maharashtra,Wilbur-Ellis,Acephate,2,2,2,1,
652,Daman and Diu,DuPont,Thiamethoxam,3,2,1,1,
653,Andaman and Nicobar Islands,Cargill,Malathion,1,2,1,3,
654,Andhra Pradesh,DuPont,Acetamiprid,2,3,2,2,
655,Chandigarh,Cargill,Carbaryl,3,3,2,2,
656,Uttarakhand,BASF,Spinosad,2,2,1,2,
657,Chandigarh,ICL Group,Permethrin,2,1,3,2,
658,Gujarat,Monsanto,Cyfluthrin,2,3,1,3,
659,Gujarat,Nutrien,Indoxacarb,3,2,2,2,
660,Manipur,Bayer CropScience,Carbaryl,2,2,2,1,
661,Punjab,ADM (Archer Daniels Midland),Spinosad,2,3,3,3,
662,Himachal Pradesh,Nutrien,Chlorpyrifos-methyl,1,2,3,2,
663,Odisha,The Mosaic Company,Diazinon,1,2,2,2,
664,Manipur,Yara International,Endosulfan,2,3,3,1,
665,Haryana,Ravensdown,Malathion,1,1,1,2,
666,Assam,ICL Group,Endosulfan,1,1,2,3,
667,Karnataka,Agrofert,Phosmet,1,2,2,2,
668,Tamil Nadu,Haifa Group,Cypermethrin,1,2,1,2,
669,Uttar Pradesh,Monsanto,Thiamethoxam,2,2,1,3,
670,Chhattisgarh,Coromandel International,Chlorpyrifos,3,2,1,1,
671,Meghalaya,Linde,Thiamethoxam,2,3,3,1,
672,Delhi,Nutrien,Spinosad,1,2,3,3,
673,Odisha,Haifa Group,Flubendiamide,2,1,2,3,
674,Sikkim,Cargill,Endosulfan,1,3,1,1,
675,Haryana,ADM (Archer Daniels Midland),Malathion,1,3,2,1,
676,Maharashtra,Bayer CropScience,Fipronil,1,2,3,2,
677,Assam,BASF,Diazinon,1,2,2,2,
678,Meghalaya,Syngenta,Methomyl,1,1,3,1,
679,Assam,Agrofert,Lambda-cyhalothrin,3,2,2,1,
680,Odisha,DuPont,Bifenthrin,1,2,3,1,
681,Punjab,EuroChem Group,Indoxacarb,3,2,2,3,
682,Odisha,Roullier Group,Permethrin,1,1,1,1,
683,Daman and Diu,ADM (Archer Daniels Midland),Acetamiprid,2,2,1,2,
684,Nagaland,IFFCO,Chlorpyrifos,2,1,3,2,
685,Sikkim,Haifa Group,Spinosad,2,2,3,3,
686,Daman and Diu,CF Industries Holdings,Cyfluthrin,1,2,3,1,
687,Meghalaya,BASF,Spinosad,1,2,1,2,
688,Nagaland,Bunge Limited,Malathion,3,1,2,1,
689,Meghalaya,Agrium Inc.,Methomyl,1,2,2,2,
690,Uttar Pradesh,Nutrien,Clothianidin,2,3,3,1,
691,Karnataka,IFFCO,Spinosad,3,1,1,1,
692,Haryana,Sumitomo Chemical,Dimethoate,3,2,2,1,
693,Karnataka,BASF,Chlorpyrifos,3,1,1,2,
694,Sikkim,IFFCO,Imidacloprid,3,3,2,3,
695,Himachal Pradesh,Coromandel International,Imidacloprid,3,1,3,1,
696,Uttar Pradesh,Sumitomo Chemical,Lambda-cyhalothrin,3,2,1,2,
697,Andhra Pradesh,Syngenta,Acephate,2,3,3,3,
698,Telangana,OCI Nitrogen,Imidacloprid,2,2,1,3,
699,Jharkhand,Agrium Inc.,Lambda-cyhalothrin,2,1,2,1,
700,Madhya Pradesh,Nutrien,Thiacloprid,1,3,3,3,
701,Sikkim,Linde,Cypermethrin,3,3,1,3,
702,Daman and Diu,The Mosaic Company,Chlorantraniliprole,3,3,3,2,
703,Madhya Pradesh,OCI Nitrogen,Thiamethoxam,1,1,1,3,
704,Andaman and Nicobar Islands,Yara International,Flubendiamide,3,1,1,3,
705,Telangana,CF Industries Holdings,Deltamethrin,1,3,2,2,
706,Dadra and Nagar Haveli,Agrium Inc.,Flubendiamide,1,1,2,2,
707,Lakshadweep,Agrium Inc.,Chlorpyrifos-methyl,3,3,1,1,
708,Karnataka,Wilbur-Ellis,Thiamethoxam,1,1,2,3,
709,Bihar,BASF,Malathion,2,2,3,2,
710,Meghalaya,KuibyshevAzot,Deltamethrin,1,1,2,3,
711,Karnataka,The Mosaic Company,Propoxur,1,1,1,2,
712,Tripura,The Mosaic Company,Methomyl,2,2,3,3,
713,Rajasthan,Agrofert,Chlorpyrifos,2,3,2,1,
714,Andhra Pradesh,Yara International,Diazinon,1,1,3,1,
715,Dadra and Nagar Haveli,SQM,Imidacloprid,3,1,1,3,
716,Maharashtra,Linde,Phosmet,2,1,1,3,
717,Lakshadweep,ICL Group,Flubendiamide,3,3,3,1,
718,Himachal Pradesh,DuPont,Methoxyfenozide,2,3,2,3,
719,Mizoram,OCI Nitrogen,Imidacloprid,3,1,2,3,
720,Tamil Nadu,Cargill,Spinosad,3,1,3,2,
721,Mizoram,KuibyshevAzot,Clothianidin,1,3,2,3,
722,Nagaland,Bayer CropScience,Clothianidin,3,3,1,2,
723,Goa,The Mosaic Company,Propoxur,2,3,1,3,
724,Lakshadweep,K+S AG,Cyfluthrin,3,1,1,1,
725,Uttar Pradesh,Coromandel International,Deltamethrin,2,1,2,2,
726,Himachal Pradesh,Agrofert,Cypermethrin,3,1,2,1,
727,Tripura,Linde,Phosmet,2,3,2,2,
728,Gujarat,KuibyshevAzot,Fipronil,2,2,1,3,
729,West Bengal,Nutrien,Methomyl,2,1,1,1,
730,West Bengal,Sinofert Holdings,Flubendiamide,3,1,3,1,
731,Tamil Nadu,Roullier Group,Dimethoate,3,3,1,3,
732,Andhra Pradesh,Lhoist,Indoxacarb,1,2,2,2,
733,Dadra and Nagar Haveli,CF Industries Holdings,Thiamethoxam,2,1,3,2,
734,Himachal Pradesh,OCP Group,Chlorantraniliprole,2,1,1,2,
735,Delhi,Cargill,Propoxur,3,3,1,3,
736,Goa,Haifa Group,Acetamiprid,2,3,1,2,
737,Rajasthan,BASF,Acephate,3,2,3,3,
738,Rajasthan,Nutrien,Acetamiprid,1,2,1,3,
739,Daman and Diu,OCP Group,Phosmet,2,2,2,3,
740,Chhattisgarh,Yara International,Propoxur,2,2,1,1,
741,Sikkim,Bunge Limited,Fipronil,3,3,1,2,
742,Sikkim,BASF,Chlorpyrifos-methyl,2,1,2,3,
743,Odisha,Agrium,Methoxyfenozide,1,1,2,1,
744,Goa,SQM,Malathion,1,3,2,1,
745,Bihar,Sinofert Holdings,Deltamethrin,1,1,1,3,
746,Manipur,Yara International,Spinosad,2,3,1,2,
747,Rajasthan,OCI Nitrogen,Phosmet,1,2,1,3,
748,Tripura,CF Industries Holdings,Malathion,3,3,2,2,
749,Bihar,Lhoist,Spinosad,3,1,1,1,
750,Rajasthan,Cargill,Bifenthrin,2,1,2,3,
751,Chhattisgarh,Israel Chemicals Ltd.,Spinosad,3,2,2,2,
752,Tamil Nadu,Ravensdown,Chlorpyrifos,1,3,2,2,
753,Sikkim,Linde,Propoxur,3,3,3,1,
754,Chhattisgarh,OCI Nitrogen,Malathion,2,1,2,1,
755,Goa,Bayer CropScience,Thiamethoxam,2,3,2,3,
756,Meghalaya,Agrium Inc.,Bifenthrin,1,3,1,3,
757,Lakshadweep,Agrium Inc.,Chlorpyrifos-methyl,3,2,1,3,
758,Uttarakhand,IFFCO,Cyfluthrin,3,3,1,1,
759,Maharashtra,OCP Group,Thiacloprid,1,1,1,1,
760,Jharkhand,CF Industries Holdings,Malathion,3,3,2,1,
761,Assam,EuroChem Group,Thiamethoxam,2,2,2,1,
762,Chhattisgarh,Yara International,Bendiocarb,2,3,3,2,
763,Delhi,BASF,Methoxyfenozide,3,3,2,3,
764,Uttarakhand,Monsanto,Cypermethrin,1,2,1,2,
765,Arunachal Pradesh,Monsanto,Indoxacarb,3,1,1,2,
766,West Bengal,Linde,Thiamethoxam,2,2,1,1,
767,Haryana,Bunge Limited,Cypermethrin,1,1,1,1,
768,Jharkhand,Coromandel International,Acephate,1,2,1,3,
769,Uttarakhand,The Mosaic Company,Chlorpyrifos-methyl,2,1,3,2,
770,Assam,Nutrien,Chlorantraniliprole,2,3,2,2,
771,Telangana,ICL Group,Bendiocarb,2,3,1,1,
772,Chhattisgarh,Linde,Carbaryl,1,1,1,3,
773,Delhi,EuroChem Group,Dimethoate,3,2,3,1,
774,Jharkhand,Syngenta,Lambda-cyhalothrin,2,2,1,1,
775,Jharkhand,Agrofert,Carbaryl,3,1,2,1,
776,Bihar,KuibyshevAzot,Phosmet,3,2,2,2,
777,Madhya Pradesh,The Mosaic Company,Malathion,2,3,1,1,
778,Andhra Pradesh,Nutrien,Acetamiprid,2,1,3,2,
779,Odisha,Bunge Limited,Chlorpyrifos,3,3,2,2,
780,Nagaland,Yara International,Diazinon,2,3,3,2,
781,Assam,ADM (Archer Daniels Midland),Lambda-cyhalothrin,3,3,1,1,
782,Uttarakhand,Haifa Group,Bendiocarb,2,1,1,2,
783,Uttar Pradesh,Israel Chemicals Ltd.,Bendiocarb,1,1,1,1,
784,Madhya Pradesh,Sinofert Holdings,Acetamiprid,3,3,3,1,
785,West Bengal,Yara International,Chlorantraniliprole,2,3,1,1,
786,Punjab,OCI Nitrogen,Clothianidin,3,3,1,3,
787,Karnataka,DuPont,Malathion,1,2,2,2,
788,Chhattisgarh,Haifa Group,Methoxyfenozide,1,3,3,2,
789,Bihar,OCI Nitrogen,Acetamiprid,1,2,2,3,
790,Daman and Diu,Agrium,Acetamiprid,2,3,1,2,
791,West Bengal,K+S AG,Thiamethoxam,1,1,3,1,
792,Uttarakhand,Ravensdown,Endosulfan,1,3,3,1,
793,Lakshadweep,The Mosaic Company,Dimethoate,3,2,1,2,
794,Meghalaya,Agrium,Imidacloprid,2,3,1,2,
795,Uttarakhand,Ravensdown,Permethrin,2,1,3,3,
796,Maharashtra,Linde,Imidacloprid,3,2,3,2,
797,Arunachal Pradesh,Yara International,Thiacloprid,3,1,3,3,
798,Punjab,KuibyshevAzot,Deltamethrin,2,3,2,1,
799,Arunachal Pradesh,ADM (Archer Daniels Midland),Cypermethrin,1,3,3,1,
800,Dadra and Nagar Haveli,EuroChem Group,Bifenthrin,3,1,3,2,
801,Madhya Pradesh,CF Industries Holdings,Lambda-cyhalothrin,1,1,2,3,
802,Uttar Pradesh,Bayer CropScience,Lambda-cyhalothrin,1,2,3,3,
803,Maharashtra,Ravensdown,Dimethoate,1,1,2,1,
804,Uttarakhand,Syngenta,Imidacloprid,1,2,1,3,
805,Karnataka,Coromandel International,Carbaryl,1,3,1,2,
806,Bihar,Coromandel International,Cyfluthrin,3,3,3,3,
807,Maharashtra,Nutrien,Endosulfan,2,3,2,3,
808,Goa,Bunge Limited,Flubendiamide,1,2,2,1,
809,Goa,CF Industries Holdings,Chlorpyrifos,2,1,2,1,
810,Telangana,Agrium Inc.,Endosulfan,1,3,1,2,
811,Odisha,ADM (Archer Daniels Midland),Chlorpyrifos-methyl,1,1,3,1,
812,Andaman and Nicobar Islands,The Mosaic Company,Permethrin,3,3,2,3,
813,Punjab,Roullier Group,Clothianidin,3,2,1,1,
814,Karnataka,Israel Chemicals Ltd.,Carbaryl,3,1,1,1,
815,Telangana,KuibyshevAzot,Propoxur,1,3,2,2,
816,Andhra Pradesh,Sumitomo Chemical,Bifenthrin,1,3,3,2,
817,Dadra and Nagar Haveli,Lhoist,Deltamethrin,1,1,1,1,
818,Rajasthan,Coromandel International,Methomyl,3,3,3,1,
819,Jharkhand,Coromandel International,Cyfluthrin,1,2,3,1,
820,Uttarakhand,EuroChem Group,Chlorpyrifos-methyl,3,1,1,2,
821,Telangana,CF Industries Holdings,Dimethoate,2,1,3,3,
822,Kerala,Agrofert,Indoxacarb,3,1,2,2,
823,Mizoram,Ravensdown,Chlorpyrifos,3,1,3,2,
824,Tamil Nadu,Bayer CropScience,Cypermethrin,1,1,3,3,
825,Nagaland,Ravensdown,Acephate,3,2,2,1,
826,Daman and Diu,Agrium,Clothianidin,3,3,2,2,
827,Haryana,IFFCO,Deltamethrin,2,3,3,2,
828,Chhattisgarh,Nutrien,Bendiocarb,1,2,1,3,
829,Delhi,CF Industries Holdings,Fipronil,2,2,2,3,
830,Madhya Pradesh,Yara International,Spinosad,2,1,3,1,
831,Tamil Nadu,OCI Nitrogen,Fipronil,1,1,2,1,
832,Puducherry,DuPont,Bifenthrin,3,3,3,3,
833,Haryana,Linde,Methomyl,1,3,3,1,
834,Chandigarh,KuibyshevAzot,Indoxacarb,2,3,1,2,
835,Karnataka,Israel Chemicals Ltd.,Propoxur,3,3,1,3,
836,Goa,Cargill,Endosulfan,1,1,2,2,
837,Manipur,Agrium,Bendiocarb,1,2,3,2,
838,Kerala,Monsanto,Malathion,3,1,1,2,
839,Jharkhand,CF Industries Holdings,Indoxacarb,2,3,2,1,
840,Tamil Nadu,Sinofert Holdings,Cyfluthrin,2,1,2,1,
841,Mizoram,K+S AG,Chlorpyrifos,3,3,3,1,
842,Goa,Agrofert,Acephate,3,3,2,3,
843,Daman and Diu,Coromandel International,Deltamethrin,3,1,1,2,
844,Uttar Pradesh,Haifa Group,Cypermethrin,1,3,3,3,
845,Punjab,SQM,Spinosad,3,1,2,3,
846,Nagaland,DuPont,Malathion,3,3,3,1,
847,Dadra and Nagar Haveli,Lhoist,Flubendiamide,2,2,1,2,
848,Meghalaya,Bayer CropScience,Chlorpyrifos-methyl,2,2,3,1,
849,Daman and Diu,Ravensdown,Methomyl,2,1,3,1,
850,Jharkhand,Wilbur-Ellis,Flubendiamide,3,3,2,3,
851,Nagaland,Agrium,Deltamethrin,1,1,2,3,
852,Jharkhand,Wilbur-Ellis,Malathion,1,2,2,3,
853,Madhya Pradesh,Linde,Imidacloprid,3,3,2,3,
854,Jharkhand,Roullier Group,Methomyl,2,1,1,1,
855,Chandigarh,OCI Nitrogen,Indoxacarb,2,2,2,1,
856,Rajasthan,Linde,Permethrin,2,1,2,3,
857,Andhra Pradesh,Monsanto,Clothianidin,1,2,1,2,
858,Tamil Nadu,Bunge Limited,Clothianidin,2,3,2,1,
859,Lakshadweep,The Mosaic Company,Propoxur,2,3,1,3,
860,Puducherry,Agrium,Spinosad,2,1,1,2,
861,Bihar,Bunge Limited,Carbaryl,2,3,2,1,
862,Rajasthan,Syngenta,Acephate,3,2,1,2,
863,Arunachal Pradesh,OCP Group,Spinosad,3,3,2,2,
864,Sikkim,SQM,Permethrin,2,3,1,1,
865,Andhra Pradesh,DuPont,Lambda-cyhalothrin,1,2,3,3,
866,Madhya Pradesh,K+S AG,Thiacloprid,1,2,1,1,
867,Karnataka,Haifa Group,Chlorantraniliprole,2,2,3,1,
868,Haryana,Syngenta,Diazinon,3,3,1,3,
869,Lakshadweep,Syngenta,Cyfluthrin,3,2,3,3,
870,Tamil Nadu,Haifa Group,Dimethoate,1,3,1,3,
871,Punjab,IFFCO,Lambda-cyhalothrin,1,1,3,1,
872,Lakshadweep,Agrium,Indoxacarb,2,3,1,2,
873,Delhi,Syngenta,Acetamiprid,2,3,2,1,
874,Puducherry,Roullier Group,Fipronil,3,3,2,2,
875,Karnataka,K+S AG,Methomyl,3,1,1,1,
876,Odisha,Cargill,Bendiocarb,3,1,1,2,
877,Nagaland,Agrofert,Propoxur,3,3,3,3,
878,Kerala,CF Industries Holdings,Malathion,2,3,3,3,
879,West Bengal,Ravensdown,Propoxur,3,2,3,1,
880,Haryana,OCP Group,Phosmet,1,3,2,3,
881,Assam,Sinofert Holdings,Fipronil,1,1,1,2,
882,Maharashtra,Coromandel International,Methomyl,2,1,1,1,
883,Assam,Nutrien,Chlorpyrifos-methyl,2,3,3,1,
884,Sikkim,Agrium,Acephate,1,3,3,1,
885,Haryana,Agrium Inc.,Malathion,3,1,1,2,
886,Puducherry,Agrium,Acetamiprid,2,3,1,3,
887,Puducherry,Israel Chemicals Ltd.,Bifenthrin,1,1,1,2,
888,Dadra and Nagar Haveli,Syngenta,Endosulfan,1,1,2,3,
889,Bihar,K+S AG,Phosmet,2,3,1,3,
890,Telangana,Coromandel International,Bendiocarb,3,2,1,3,
891,Maharashtra,Sumitomo Chemical,Chlorantraniliprole,1,3,2,3,
892,West Bengal,Wilbur-Ellis,Methoxyfenozide,1,3,3,3,
893,Delhi,Roullier Group,Endosulfan,1,2,2,3,
894,Tamil Nadu,IFFCO,Cypermethrin,1,1,2,2,
895,West Bengal,Sumitomo Chemical,Acetamiprid,2,1,3,2,
896,Andaman and Nicobar Islands,CF Industries Holdings,Thiamethoxam,1,3,1,3,
897,Arunachal Pradesh,BASF,Cyfluthrin,2,1,1,1,
898,Haryana,EuroChem Group,Thiacloprid,3,1,2,2,
899,Meghalaya,Coromandel International,Carbaryl,1,3,2,1,
900,Chandigarh,Bunge Limited,Propoxur,1,3,1,2,
901,Tripura,Agrofert,Endosulfan,3,2,3,1,
902,Lakshadweep,KuibyshevAzot,Acephate,2,2,3,3,
903,Dadra and Nagar Haveli,Roullier Group,Permethrin,3,3,2,3,
904,Assam,The Mosaic Company,Spinosad,2,1,3,1,
905,Arunachal Pradesh,EuroChem Group,Fipronil,1,1,1,2,
906,Dadra and Nagar Haveli,Haifa Group,Thiamethoxam,3,1,3,2,
907,Mizoram,Sinofert Holdings,Cyfluthrin,3,2,2,1,
908,Andhra Pradesh,Bayer CropScience,Phosmet,3,3,2,2,
909,Tamil Nadu,BASF,Deltamethrin,2,2,3,3,
910,Tripura,Nutrien,Fipronil,3,2,3,2,
911,Bihar,Yara International,Indoxacarb,1,2,2,3,
912,Assam,Coromandel International,Cyfluthrin,3,2,2,3,
913,Himachal Pradesh,SQM,Imidacloprid,1,1,3,1,
914,Kerala,Haifa Group,Deltamethrin,3,1,1,3,
915,Andaman and Nicobar Islands,BASF,Propoxur,2,3,1,2,
916,Nagaland,Haifa Group,Cypermethrin,1,2,2,3,
917,Arunachal Pradesh,K+S AG,Thiamethoxam,1,2,1,2,
918,Chhattisgarh,Bunge Limited,Chlorantraniliprole,1,2,3,3,
919,Telangana,Lhoist,Fipronil,3,2,1,3,
920,Chhattisgarh,Bayer CropScience,Permethrin,3,1,1,3,
921,Puducherry,The Mosaic Company,Chlorpyrifos-methyl,2,1,2,2,
922,Himachal Pradesh,DuPont,Fipronil,2,1,1,3,
923,Meghalaya,The Mosaic Company,Dimethoate,1,2,1,3,
924,Rajasthan,Ravensdown,Thiamethoxam,1,2,2,3,
925,Tripura,DuPont,Clothianidin,3,3,2,1,
926,Bihar,Ravensdown,Diazinon,3,3,2,2,
927,Tripura,DuPont,Methomyl,2,2,2,3,
928,Delhi,K+S AG,Phosmet,3,2,1,3,
929,Sikkim,OCP Group,Chlorantraniliprole,2,1,1,1,
930,Karnataka,Bayer CropScience,Cyfluthrin,1,2,3,3,
931,Tripura,K+S AG,Lambda-cyhalothrin,1,3,2,2,
932,Maharashtra,Bunge Limited,Deltamethrin,1,2,3,1,
933,Tamil Nadu,Israel Chemicals Ltd.,Deltamethrin,1,3,1,3,
934,Puducherry,Linde,Flubendiamide,2,3,3,2,
935,Arunachal Pradesh,OCP Group,Indoxacarb,1,3,1,3,
936,Haryana,Nutrien,Fipronil,2,2,2,2,
937,Mizoram,Roullier Group,Clothianidin,3,2,3,2,
938,Tripura,Agrofert,Permethrin,2,3,1,1,
939,Arunachal Pradesh,K+S AG,Endosulfan,1,2,2,1,
940,Rajasthan,SQM,Cyfluthrin,3,3,1,2,
941,Chandigarh,Bayer CropScience,Chlorpyrifos,1,1,3,2,
942,Chandigarh,Haifa Group,Phosmet,1,2,2,3,
943,Himachal Pradesh,Cargill,Acephate,2,3,3,2,
944,Chhattisgarh,SQM,Fipronil,2,1,2,3,
945,Odisha,Cargill,Propoxur,2,1,1,3,
946,Mizoram,ICL Group,Flubendiamide,1,3,1,3,
947,Uttarakhand,Cargill,Fipronil,2,2,3,1,
948,Bihar,The Mosaic Company,Bendiocarb,2,1,1,2,
949,Mizoram,The Mosaic Company,Endosulfan,2,1,2,2,
950,Jharkhand,K+S AG,Spinosad,1,2,3,1,
951,Mizoram,Cargill,Diazinon,1,1,3,2,
952,Haryana,Bunge Limited,Chlorantraniliprole,2,1,3,1,
953,Dadra and Nagar Haveli,OCI Nitrogen,Fipronil,2,3,2,2,
954,Delhi,Bayer CropScience,Bendiocarb,3,1,1,1,
955,Madhya Pradesh,Israel Chemicals Ltd.,Diazinon,3,2,2,1,
956,Andhra Pradesh,ADM (Archer Daniels Midland),Endosulfan,3,3,2,2,
957,Manipur,Monsanto,Clothianidin,2,3,3,1,
958,Uttarakhand,Wilbur-Ellis,Clothianidin,3,2,1,1,
959,Puducherry,ADM (Archer Daniels Midland),Thiacloprid,2,2,3,1,
960,Chandigarh,Lhoist,Methoxyfenozide,1,1,3,2,
961,Madhya Pradesh,Israel Chemicals Ltd.,Cyfluthrin,2,3,2,1,
962,Uttarakhand,K+S AG,Imidacloprid,1,3,2,3,
963,Andaman and Nicobar Islands,Haifa Group,Permethrin,1,2,3,2,
964,Kerala,ICL Group,Chlorpyrifos-methyl,1,3,3,1,
965,Odisha,Ravensdown,Flubendiamide,2,2,1,2,
966,Assam,Cargill,Deltamethrin,3,3,1,2,
967,West Bengal,CF Industries Holdings,Acephate,3,3,3,2,
968,Mizoram,ADM (Archer Daniels Midland),Chlorpyrifos,3,1,1,3,
969,Odisha,Agrofert,Deltamethrin,1,3,1,3,
970,Andhra Pradesh,Monsanto,Imidacloprid,2,1,1,2,
971,Odisha,CF Industries Holdings,Clothianidin,2,3,2,2,
972,Chandigarh,Wilbur-Ellis,Cyfluthrin,3,2,2,1,
973,Chhattisgarh,ICL Group,Cyfluthrin,2,3,3,2,
974,Lakshadweep,OCP Group,Acetamiprid,3,1,2,1,
975,Goa,Monsanto,Permethrin,3,1,3,3,
976,Jharkhand,Wilbur-Ellis,Fipronil,1,1,3,1,
977,Chandigarh,Monsanto,Fipronil,3,3,2,3,
978,Nagaland,Bunge Limited,Carbaryl,1,1,3,3,
979,Madhya Pradesh,Roullier Group,Clothianidin,1,1,1,1,
980,Goa,OCP Group,Bifenthrin,3,3,3,2,
981,Andaman and Nicobar Islands,Agrofert,Permethrin,2,2,2,2,
982,Punjab,K+S AG,Chlorpyrifos,1,3,2,1,
983,Delhi,Israel Chemicals Ltd.,Methomyl,1,1,1,2,
984,Telangana,Coromandel International,Carbaryl,2,2,3,1,
985,Lakshadweep,Sumitomo Chemical,Lambda-cyhalothrin,3,1,1,2,
986,Gujarat,CF Industries Holdings,Indoxacarb,2,3,1,2,
987,Goa,Linde,Acephate,1,3,3,1,
988,Madhya Pradesh,DuPont,Fipronil,3,2,1,1,
989,Uttarakhand,K+S AG,Methoxyfenozide,3,3,2,3,
990,Punjab,Bunge Limited,Dimethoate,2,3,2,3,
991,Madhya Pradesh,Roullier Group,Methoxyfenozide,2,1,2,1,
992,Chandigarh,OCP Group,Phosmet,2,2,1,2,
993,Maharashtra,Agrium Inc.,Acephate,1,2,3,2,
994,West Bengal,Haifa Group,Thiacloprid,3,1,1,3,
995,Madhya Pradesh,EuroChem Group,Dimethoate,1,1,3,2,
996,Sikkim,ADM (Archer Daniels Midland),Thiamethoxam,3,1,1,2,
997,West Bengal,ADM (Archer Daniels Midland),Chlorpyrifos-methyl,2,1,2,3,
998,Odisha,SQM,Propoxur,1,2,2,3,
999,Chhattisgarh,Sumitomo Chemical,Clothianidin,3,2,3,1,
1000,Bihar,Israel Chemicals Ltd.,Fipronil,2,1,2,3,
